nombre,precio,rating
Consola Nintendo Switch Edición Estándar Importado (reacondicionado certificado) Neón Rojo/Azul,"7,953",4.0
Nintendo Switch 2 Pro Controller Internacional,"1,899",4.8
"Orzly Switch Accessories Bundle Geek Pack for Switch: Case & Screen Protector, Joycon Grips & Racing Wheels, Switch Controller Charge Dock, Comfort Grip Case & More [Black]","1,169",4.6
"SOYTO Estuche Kit de Accesorios N-intendo Switch OLED 32 en 1,estuche n-intendo switch con Bolsa Gruesa Negra, Película Templada,Tapas para Joystick,Soporte Ajustable,Cable de Dato,Cartucho de Juego",329,4.7
Nintendo Switch OLED w/ White Joy-Con - Standard Edition (Internacional),"5,896",4.8
Nintendo Switch Modelo OLED w/ Neon Red & Neon Blue Joy-Con - Standard Edition (Version Internacional),"5,885",4.8
Nintendo Switch 2 + Mario Kart World Bundle - Versión Nacional,"10,988",4.5
Mario Kart 8 Deluxe - Standard Edition - Nintendo Switch,853,4.9
Nintendo Switch™ + Super Mario Bros.™ Wonder + 3mo NSO,"7,289",5.0
Minecraft - Standard Edition - Nintendo Switch,510,4.8
Super Smash Bros. Ultimate - Standard Edition - Nintendo Switch,853,4.9
Nintendo Switch Lite - Edición Estándar - Azul Turquesa - Standard Edition,"3,999",4.8
NINTENDO CONSOLA SWITCH 1.1 (NEON BLUE / NEON RED) IMPORTACIÓN,"7,149",4.9
Leyendas Pokémon™: Z-A,866,4.7
Swi Marvel Vs Capcom Fighting Collection Classics,513,4.7
Super Mario Bros. Wonder para Nintendo Switch,849,4.9
The Legend of Zelda: Breath of the Wild - Standard Edition - Nintendo Switch,856,4.9
Kirby and the Forgotten Land - Standard Edition - Nintendo Switch,854,4.9
Luigi's Mansion 3 - Standard Edition - Nintendo Switch,853,4.8
Mario Party Superstars - Standard Edition - Nintendo Switch,852,4.9
"Kit de Accesorios 26 en 1 para Nintendo Switch 2 (2025), Incluye Funda de Viaje, 2 Protector de Pantalla Vidrio, Cuadro de Posicionamiento, Carcasa Transparente, 4 Protectores de JoyCon, 8 Gorros para Joystick, Cable USB-C",253,4.1
"Fundas para Nintendo Switch 2, Kit Accesorios 29 en 1 para Nintendo Switch 2 (2025) con 10 Ranuras para Tarjetas Juego, Una Funda Protectora para Joy-Con, Perfecto para Protección de Switch 2 (29 en 1)",264,5.0
"JSAUX Protector de Pantalla de Vidrio Templado para Nintendo Switch 2 (2025), Fácil de Instalar con Marco Guía, Ultra HD, Dureza 9H, Resistente a Arañazos, Accesorios para Switch 2 (Antirreflejo 2 Pcs)",224,4.8
"HAKUKU Estuche Transporte para Nintendo Switch 2 (2025) 7.9 Pulgadas, Bolsa Viajar Portátil Dura Caparazón con 10 Ranuras para Tarjetas Juego y Bolsillo Accesorios, Anti-Arañazos (Negro)",219,5.0
Animal Crossing: New Horizons - Standard Edition - Nintendo Switch,923,4.9
Grand Theft Auto: The Trilogy - The Definitive Edition - Nintendo Switch,579,4.6
Nintendo Switch 2 Y Juego Fisico Mario Kart World Bundle (Internacional),No disponible,4.6
Pokémon™ Pokopia,"1,499",0
Super Mario Galaxy™ + Super Mario Galaxy™ 2 - MEX,"1,269",4.7
Super Mario Party Jamboree,857,4.9
Red Dead Redemption - Nintendo Switch,593,4.8
Nintendo Switch™ 2 + Mario Kart™ World Bundle versión internacional,"10,859",4.2
Scott Pilgrim EX - Nintendo Switch,899,0
New Super Mario Bros. U Deluxe - Standard Edition - Nintendo Switch,853,4.9
Super Mario Odyssey - Standard Edition - Nintendo Switch,852,4.9
The Witcher 3: Wild Hunt - Nintendo Switch - Complete Edition,639,4.7
Donkey Kong Bananza,"1,399",4.8
Metroid Prime™ 4: Beyond - MEX,"1,005",4.6
Disney Afternoon Collection - Nintendo Switch 2,899,0
Nintendo Switch™ 2 Pro Controller Resident Evil Requiem Edition,"2,599",0
Super Mario 3D World + Bowser’s Fury - Standard Edition - Nintendo Switch,854,4.9
Pokémon Legends: Arceus - Standard Edition - Nintendo Switch,992,4.8
"Nintendo Switch Console OLED Model with White Joy-Con, 7 inch 1280 x 720 OLED Touchscreen Display, Built-in Speaker, WiFi, Bluetooth 4.1 (Renewed)","6,545",4.5
Stray - Nintendo Switch,594,4.8
Joy-Con 2 (L)/(R) Light Blue/Light Red for Nintendo Switch 2,"2,599",4.8
Mario & Luigi™: Brothership,650,4.9
The Legend of Zelda™: Echoes of Wisdom,799,4.9
EA SPORTS FC 26 - Nintendo Swich 2,"1,049",4.7
The Legend of Zelda: Tears of the Kingdom - Nintendo Switch,999,4.9
JUST DANCE 2026 LIMITED EDITION - Nintendo Switch,825,4.4
Crash Bandicoot N. Sane Trilogy - Nintendo Switch - Standard Edition,559,4.7
Mario vs Donkey Kong para Nintendo Switch,739,4.8
Crash Bandicoot N. Sane Trilogy - Standard Edition - Nintendo Switch,559,4.6
Nintendo Switch - Modelo OLED con rojo neón y azul neón Joy-Con (reacondicionado),"5,608",4.3
Nintendo Switch 2 Incluye Juego Físico Mario Kart World Mas Joy-Con 2,"13,399",4.6
Nintendo Switch 2 AC Adapter,689,4.6
"Funda JSAUX para Nintendo Switch 2 2025. Cubierta dura, 20 ranuras para tarjetas de juego, bolsillo grande compatible con JoyCon, cargador y cables. Protección elegante. Negro.",599,4.6
Mumba Funda para Nintendo Switch 2 [Blade Series] Cubierta Protectora de Agarre de TPU Accesorios Resistente Estuche Compatibles con Nintendo Switch 2 y Joy-Con Controller (Negro),599,4.6
"GUTIAL Paquete de accesorios para Nintendo Switch OLED - Lindo kit de accesorios de Kawaii para niñas niños con estuche de transporte de viajes y caja de cobertura de protección acoplable de dibujos animados, protector de pantalla, soporte - rosa",550,4.6
"Control para Nintendo Switch/Oled, Controlador de Transparente RGB con Turbo, Eje de Giroscopio y Gamepad de Doble Vibración, para Nintendo Switch/Nintendo OLED",699,4.3
JSAUX Funda Separada para Switch 2 | Marco Central de TPU y Cubierta Frontal de PC | Agarre Ergonómico Antideslizante | Espacio para 10 Juegos | Compatible con Soporte | Negro PC0114,699,4.2
"JSAUX Funda de transporte compatible con Nintendo Switch 2 (2025), protección con o sin carcasa, ranuras para 15 tarjetas de juego, bolsa portátil de viaje resistente a golpes BG0117 (Actualizada)",549,4.2
"Cargador Controles Joy con, Base de Carga 4 IN 1 con Indicadores LED, Interfaz USB Tipo C, Carga Rápida y Segura para 4 Mandos Joy Cons Nintendo Switch OLED Normal 1.1",335,4.2
"Fundas para Nintendo Switch 2, Kit Accesorios 34 en 1 para Nintendo Switch 2 (2025) con 10 Ranuras para Tarjetas Juego, Una Funda Protectora para Joy-Con, Perfecto para Protección de Switch 2 (34 en 1)",369,5.0
Oddworld: Soulstorm: Limited Oddition - Nintendo Switch,711,4.7
Rayman: 30th Anniversary Edition - Nintendo Switch,699,0
Mario Kart World,"1,451",4.8
Chronicles of the Wolf - Nintendo Switch,769,4.7
PowerA Control Inalámbrico para Nintendo Switch - Midnight,841,4.6
Nintendo switch 2 Internacional - switch 2 Edition,No disponible,4.7
Nintendo Switch with Neon Blue and Red Joy-Con (Renewed),"5,050",4.0
Virtua Fighter 5 R.E.V.O. Game Key Card - Nintendo Switch 2 - Nintendo Switch 2 Edition,"1,049",0
Bluey: El videojuego - Nintendo Switch,479,4.8
Metroid Prime™ 4: Beyond Nintendo Switch™ 2 Edition - MEX,"1,399",4.8
Dragon Ball Z: Kakarot Daima Edition para Nintendo Switch,921,4.7
Mighty Morphin Power Rangers: Rita’s Rewind - Nintendo Switch,548,4.8
Shadow Labyrinth para Nintendo Switch - Standard Edition,602,4.6
Pokémon Scarlet - Nintendo Switch - Standard Edition,No disponible,4.8
Nintendo Switch – OLED Model Splatoon 3 Special Edition,"8,898",4.8
Luigis Mansion 2 HD,"1,099",4.8
Auriculares de Realidad Virtual para Nintendo Switch 2(2025) Auriculares VR para Switch 2 Gafas de Realidad Virtual 3D compatibles con Juegos de Switch 2 Accesorios,639,0
Paquete de 3 protectores de pantalla de vidrio templado diseñados para Nintendo Switch 2 7.9'' 2025 con [marco de alineación] protector de pantalla transparente HD transparente,179,5.0
"JSAUX Funda de TPU para Switch 2 (2025), Cubierta con Agarre Ergonómico Compatible con Consola y Mandos JoyCon, Diseño Portátil con Protección Antigolpes y Antirrayaduras – Negro PC0118",499,4.1
"Estuche Transporte para Nintendo Switch 2,nintendo carrying case，maleta suave e impermeable de protección,Funda protectora con capacidad para la consola Switch 2 y diversos accesorios. (Multicolor1)",329,4.4
NintendoJoy Con Morado/NaranjaACC JOY CON L R NEON MORADO NEON NARANJA,"1,999",4.8
Mortal Kombat 1 for Switch,564,4.6
Nintendo Switch 2 Pro Controller,"1,701",4.8
Super Mario RPG para Nintendo Switch,770,4.9
Grand Theft Auto: The Trilogy-The Definitive Editi,699,4.7
Teenage Mutant Ninja Turtles: Mutants Unleashed -Nintendo Switch,582,4.4
PowerA Estación de carga doble para Joy-Con - Nintendo Switch - Standard Edition,388,4.8
Hori - Volante Mario Kart 8 Deluxe (Nintendo Switch),416,4.7
Super Bomberman Collection - Nintendo Switch,899,0
Hori Split Pad Pro (Red) For Nintendo Switch - Standard Edition,"1,133",4.6
Tomodachi Life™: Living the Dream,"1,399",0
Grand Theft Auto The Trilogy - The Definitive Edition /Nintendo Switch,699,4.6
"Redlemon Control para Nintendo Switch Retro Inalámbrico con Diseño Clásico, Compatible con Switch, Switch Lite, Switch OLED, PC, Android y PS3, Conexión Bluetooth hasta 10 Metros, Batería Recargable",679,4.4
Neva - Nintendo Switch,No disponible,4.6
"Pro Control Switch 2 Compatible with Nintendo Switch2/OLED/Lite,Controller inalambrico de Switch,FUNLAB Firefly Mando con 7 LED RGB Colores/Palanca/Turbo/Gamepad de movimiento - Blanco",611,4.4
Super Mario Maker 2 - Standard Edition - Nintendo Switch,859,4.8
Nintendo Switch 2 Camera,805,4.5
Batman Arkham Trilogy para Nintendo Switch,681,4.7
Xenoblade Chronicles™ X: Definitive Edition,859,4.8
Daemon X Machina: Titanic Scion Limited Edition for Nintendo Switch 2,"2,052",4.6
PowerA Control Alámbrico para Nintendo Switch – Negro - Standard Edition,469,4.6
Leyendas Pokémon: Z-A – Nintendo Switch™ 2 Edition,"1,077",4.7
PowerA Estuche transportador para Nintendo Switch o Switch Lite - Snorlax Edit Actions - Standard Edition,782,4.4
PowerA Slim Case for Nintendo Switch 2,363,4.7
"RDS - Licensed Nintendo Switch 2, Nintendo Switch OLED & Nintendo Switch Systems Game Traveler",744,4.8
Super Mario Bros. Wonder Nintendo Switch™ 2 Edition + Meetup in Bellabel Park,"1,999",0
"Hori Vault - Funda para Switch 2 (Eevee Cottage Core) para Nintendo Switch 2, con Licencia Oficial de Nintendo y The Pokemon Company International",673,4.8
Metal Slug Tactics - Nintendo Switch,835,4.4
"SanDisk Sandisk SDSQXAO-128G-GNCZN Memoria Microsdhc/Sdxc Nintendo Switch 128Gb U3 C10 Máx. 100/90Mb/S Lec/Esc, Rojo/Blanco",418,4.9
Sonic Superstars - Nintendo Switch,613,4.8
Resident Evil Requiem - Nintendo Switch 2,"1,699",0
Mario Strikers: Battle League - Nintendo Switch - Standard Edition,No disponible,4.8
Cuphead Physical Edition Nintendo Switch VF,759,4.7
"RSAquar Funda Dockable para Nintendo Switch 2 (2025) – Cubierta Frontal PC & Agarre Ergonómico TPU – Compatible con Soporte, Antigolpes, Antirayaduras",499,0
Xenoblade Chronicles - Nintendo Switch - Wii Standard Edition,"1,605",4.7
"JSAUX Empuñadura de carga para Switch 2 de Nintendo, control con agarre magnético compatible con JoyPad de Switch 2, juega mientras se carga con indicador LED y cable de carga de 1.5 m / 4.9 pies - Negro",399,4.5
"LONANDY Switch 2 Protector de Pantalla 4 Pack, Ultra HD 9H Dureza Antiarañazos Protector de Pantalla de Vidrio Templado para Nintendo Switch 2 (2025), Fácil de Instalar con Marco de Guía",119,4.4
"JSAUX Estuche de transporte todo en uno para Nintendo Switch 2, bolsa de viaje para base, controles y accesorios, compatible con Switch 2 con funda protectora, gran capacidad – Negro",649,4.6
"JSAUX [3 Unidades] Protector de Pantalla para Nintendo Switch 2 (2025), Vidrio Templado Ultra HD 9H, Fácil de Instalar con Marco Guía, Resistente a Arañazos",269,4.8
"33 Pzas Kit de Reparación para Joystick de Nintendo Switch, 4 Joysticks Reemplazo para Nintendo Switch Joycon, Joystick 3D Analógico, Incluye 2*Hebillas, 3*Destornillador, 4*Cubierta de Agarre",209,4.6
Resident Evil Requiem - Nintendo Switch 2,"1,699",0
Hades II - Nintendo Switch™ 2 Edition - MEX,899,4.5
Leyendas Pokemon: Z-A - Nintendo Switch,999,5.0
Joy-Con 2 (L)/(R) Light Purple/Light Green,"2,599",4.1
Kirby™ Air Riders - MEX,"1,399",4.6
Animal Crossing: New Horizons Nintendo Switch 2 Edition,"1,203",5.0
Pac-Man World 2 Re-Pac. para Nintendo Switch,612,4.8
"SanDisk Tarjeta microSDXC de 256 GB con Licencia para Nintendo Switch, Edición Pokémon, Pikachu - SDSQXAO-256G-GN6ZK",No disponible,4.6
Nintendo Joy-Con Pro Controller para Nintendo Switch - Standard Edition,"1,418",4.8
NBA 2K26 - Nintendo Switch,470,4.7
Poppy Playtime Triple Pack for Nintendo Switch,837,4.7
"Control para Switch Pro, Bluetooth Mando Controlador Gamepad con Función Gyro Axis/Dual Shock y Turbo Compatible Switch 2/ OLED/Lite",298,4.3
"Lostrain Cargador para Nintendo Switch,Carga Rápida 1.5M AC Adaptador Dual Voltaje 39W 15V 2.6 A,Soporta Modo Portátil/Dock/TV Compatible con NS/Switch OLED/Otros Dispositivos de Tipo C",329,4.5
Assassins Creed Shadows - Nintendo Switch 2,"1,239",4.7
Cuphead para Nintendo Switch,620,4.8
PowerA audífonos alámbricos para Nintendo Switch 2 - Negros,501,4.5
PlayVital Cherry Blossoms Kitten Funda para Nintendo Switch 2 (2025) con Tapas pare Pulgares - Amarillo Antiguo,559,4.8
"Control Inalámbrico Switch 2, Bluetooth Pro Controller con Sensor de Giroscopio/Doble Vibración/Turble, Gamepad para NSwitch/Android/ PS3/ PC",364,4.8
PlayVital Magic Wings Funda para Nintendo Switch 2 2025 - Rosa,559,4.7
"TQHVAF Funda para Nintendo Switch 2, Estuche Ultrafino Compatible con Nintendo Switch 2, Estuche de Transporte con 10 Cartuchos de Juego，Compatible con la Consola Switch 2, Forro Grueso y Suave",199,0
PowerA - Control Inalámbrico para Nintendo Switch/Switch 2 / Switch Lite/OLED - Pikachu Vibrante - Con Licencia Oficial,"1,098",4.6
Hello Kitty Island Adventure - Nintendo Switch,674,4.9
Split Fiction - Nintendo Switch 2,"1,299",3.5
Cyberpunk 2077 Ultimate Edition - Nintendo Switch 2,"1,450",4.8
Swi Super Mario Galaxy 1 & 2,"1,194",4.8
Mario & Sonic Tokyo 2020 - Nintendo Switch - Standard Edition,692,4.7
"SanDisk Tarjeta microSDXC de 512 GB con Licencia para Nintendo Switch, Edición Pokémon, Gengar SDSQXAO-512G-GN6ZK","1,539",4.6
"BuFan Cubierta Anti Polvo Switch, Dust Cover Transparent Funda Dust Guard Compatible with Nintendo Switch/Switch OLED Charging Dock, Anti Scratch Waterproof Protective Clear Cover Sleeve Display Box",269,4.7
Cuphead Physical Edition Nintendo Switch VF,759,4.7
Mario Tennis™ Fever,"1,399",4.6
The Messenger - Nintendo Switch,556,4.7
Nintendo Samsung microSD Express Card – 256GB for Switch 2,"1,200",4.8
Nintendo Switch™ OLED + Super Mario Bros.™ Wonder + 3mo NSO,"8,199",3.5
Five Nights at Freddy's Into the Pit - Nintendo Switch,470,4.8
NintendoJoy Con Neon Rojo AzulACC SWITCH JOY CON L R NEON MX ROJO AZUL,"1,899",4.6
"JSAUX [3 Unidades] Protector de Pantalla para Nintendo Switch 2 (2025), Vidrio Templado Ultra HD 9H, Fácil de Instalar con Marco Guía, Resistente a Arañazos",269,4.8
"Control para Nintendo Switch/Oled, Controlador de Transparente RGB con Turbo, Eje de Giroscopio y Gamepad de Doble Vibración, para Nintendo Switch/Nintendo OLED",699,4.3
Crash Team Racing - Nintendo Switch - Standard Edition,599,4.8
Turok Trilogy Bundle - Nintendo Switch,799,4.8
Bubsy 4D Pawsome Edition - Nintendo Switch 2,"1,099",0
Swi Capcom Fighting Collection 2,697,4.8
Nintendo Switch Sports /Nintendo Switch,"1,265",4.7
"LONANDY Joycon Joystick Para Nintendo Switch, Reemplazo de Joystick Analógico 3D, Kit de Reparación de Piezas de Repuesto de Joystick Para Switch JoyCon y Switch Lite (2 Piezas, Negro)",179,4.6
Snoopy & The Great Mystery Club NSW,804,4.8
Halloween and Ash vs Evil Dead RetroRealms Doble Feature - Nintendo Switch,536,4.6
Nintendo Switch (OLED Model) - Neon Blue/Neon Red (Renewed),"5,816",4.2
JSAUX Funda Separada para Switch 2 | Marco Central de TPU y Cubierta Frontal de PC | Agarre Ergonómico Antideslizante | Espacio para 10 Juegos | Compatible con Soporte | Negro PC0114,699,4.2
Oddworld Anthology: The Unlikely Heroes Collection - Nintendo Switch,757,4.9
Animal Crossing: New Horizons- Nintendo Switch 2 Edition,"1,299",4.6
"PDP Mando Afterglow Deluxe Wireless Nintendo Switch, Normal, Gris (Prismatic )",969,4.5
Nicktoons & The Dice Of Destiny - Nintendo Switch,549,4.4
Control Nintendo Switch - Joy-Con (L/R) - Morado/Verde Neón (Importado de Nintendo Japón),"1,729",4.7
"Lacdo Funda de transporte para Nintendo Switch 2 / Steam Deck OLED / ROG Xbox Ally X Bolsa Portátil de Almacenamiento,Bolsa Crossbody Sling Protectora,Steamdeck Case Switch 2 Funda para Consola, Negro",472,4.4
"Funlab Estuche para Nintendo Switch 2, Funda Case Transporte para Switch 2 Consola & Accesorios de Viaje con 10 Cartuchos de Juego Protectora rígida-Rojo y Azul",599,4.8
"ELECGO Funda de almacenamiento para Switch II, fabricada con carcasa rígida de EVA y nylon de alta calidad para Nintendo Switch II, puede almacenar la consola, el adaptador y 24 tarjetas de juego",299,4.7
EastSail Custom Switch Carrying Case Add Your Photo Text Personalized Portable Storage Organizer for Nintendo Switch Console & Accessories Double-sided Pattern Black,519,0
